file name,cat_attr_name,new_content,token_usage
10339808-att-gns1440,Nursing Homes for Anal Fissure,"<h2>Nursing Homes for Anal Fissure in <area>, <city></h2>
<p>Anal fissures are small tears in the lining of the anal canal, causing significant discomfort and pain. For individuals suffering from this condition, nursing homes can provide specialized care and support. This article explores the relevance of nursing homes for anal fissure patients in <area>, <city>, highlighting the services available and the benefits of such facilities.</p>

<h3>Understanding Anal Fissures</h3>
<p>Anal fissures can occur due to various reasons, including constipation, diarrhea, childbirth, and inflammatory bowel disease. Symptoms often include:</p>
<ul>
    <li>Sharp pain during bowel movements</li>
    <li>Bleeding from the anus</li>
    <li>Itching or irritation around the anal area</li>
</ul>
<p>These symptoms can significantly impact the quality of life, making it essential for patients to seek appropriate care.</p>

<h3>Role of Nursing Homes in Managing Anal Fissures</h3>
<p>Nursing homes offer a supportive environment for individuals with anal fissures, providing comprehensive care tailored to their needs. The facilities in <area>, <city> focus on:</p>
<ul>
    <li>Medical management of symptoms</li>
    <li>Assistance with daily activities</li>
    <li>Dietary planning to promote bowel health</li>
    <li>Physical therapy to strengthen pelvic floor muscles</li>
</ul>
<p>These services ensure that patients receive the necessary care to manage their condition effectively.</p>

<h3>Benefits of Nursing Homes for Anal Fissure Patients</h3>
<p>Nursing homes provide several advantages for individuals dealing with anal fissures:</p>
<ul>
    <li><strong>24/7 Medical Care:</strong> Access to healthcare professionals around the clock ensures timely intervention in case of complications.</li>
    <li><strong>Personalized Care Plans:</strong> Each patient receives a customized care plan based on their specific needs and health conditions.</li>
    <li><strong>Social Interaction:</strong> Living in a nursing home allows patients to engage with others, reducing feelings of isolation.</li>
    <li><strong>Rehabilitation Services:</strong> Facilities often provide rehabilitation services that can help improve overall health and recovery.</li>
</ul>
<p>These benefits contribute to better health outcomes and enhance the quality of life for individuals suffering from anal fissures.</p>

<h3>Choosing the Right Nursing Home in <area>, <city></h3>
<p>Selecting the appropriate nursing home for anal fissure care is crucial. Factors to consider include:</p>
<ul>
    <li><strong>Staff Qualifications:</strong> Look for facilities with trained nursing staff experienced in managing gastrointestinal conditions.</li>
    <li><strong>Facility Amenities:</strong> Ensure the nursing home has adequate amenities to support patients' comfort and well-being.</li>
    <li><strong>Patient Reviews:</strong> Research reviews and testimonials from current or past residents to gauge the quality of care.</li>
    <li><strong>Location:</strong> Proximity to family and friends can be important for emotional support.</li>
</ul>
<p>Taking the time to evaluate these factors can lead to a more positive experience for individuals seeking care for anal fissures.</p>

<h3>Conclusion</h3>
<p>Nursing homes in <area>, <city> play a vital role in the management and care of individuals suffering from anal fissures. With specialized services, personalized care plans, and a supportive environment, these facilities can significantly improve the quality of life for patients. It is essential for families to consider the various options available and select a nursing home that best meets the needs of their loved ones.</p>",1144
